"event_name","category","date","location","link","subpage_title","subpage_status","event_description","subpage_venue","street_address","postal_code","city","event_duration_type","image_url","image_file","lat","lon"
"Pitbull: I'm Back!","Music","Jun 23","3Arena","https://www.visitstockholm.com/events/pitbull-im-back-tour/next/","Pitbull: I'm Back!",200,"On June 23rd 2026, Pitbull will kick off his European tour, I’m Back!, at the 3Arena in Stockholm.","3Arena","Arenaslingan 14","121 77","Johanneshov","Single-day event","https://www.visitstockholm.com/media/images/pitbull-im-back-tour.7554b697.fill-1200x628.jpg","event_images/event_23.jpg","59.2918230","18.0824050"
"Lenny Kravitz Live 2026 - Avicii Arena","Music","Jul 24","Avicii Arena","https://www.visitstockholm.com/events/lenny-kravitz-live-2026-avicii-arena/next/","Lenny Kravitz Live 2026 - Avicii Arena",200,"Lenny Kravitz arrives at Avicii Arena in Stockholm on July 24, 2026, for a major arena show. Fans can expect a spectacular concert featuring tracks from his new album as well as classics from his career. It will be a unique live experience of rock, soul, and energy on stage.","Avicii Arena","Arenatorget","121 77","Johanneshov","Single-day event","https://www.visitstockholm.com/media/images/lenny-kravitz-live-2026-avicii-ar.2e16d0ba.fill-1200x628.jpg","event_images/event_26.jpg","59.2929254","18.0824552"
"Exhibition programme x Art Notes Fredrik Wretman | Apichaya Wanthiang","Exhibitions","Jun 17","Artipelag","https://www.visitstockholm.com/events/exhibition-programme-x-art-notes-fredrik-wretman-a/next/","Exhibition programme x Art Notes Fredrik Wretman | Apichaya Wanthiang",200,"Artipelag is once again presenting its popular exhibition programme in collaboration with Art Notes. This time, the programme takes its starting point in the solo exhibitions Fredrik Wretman – I C 3 D 2 (it’s all in your head) and Apichaya Wanthiang – January 2567.","Artipelag","Artipelagstigen 1","134 40","Gustavsberg","Single-day event","https://www.visitstockholm.com/media/images/exhibition-programme-x-art-notes-.2e16d0ba.fill-1200x628.jpg","event_images/event_7.jpg","59.3069800","18.3520863"
"MUCHA – Beyond Art Nouveau","Exhibitions","Jun 15 - Sep 27","Artipelag","https://www.visitstockholm.com/events/mucha-beyond-art-nouveau/next/","MUCHA – Beyond Art Nouveau",200,"At the turn of the 20th century, Alphonse Mucha was one of the most famous artists in Europe. A key figure of Art Nouveau and the inventor of an original style of graphic art, his work combined female beauty and stylised nature with a resolutely innovative composition and typography. The “Mucha style” has been a source of fascination ever since it was created and was applied to a variety of artworks and objects that adorned art lovers’ homes around the world at the time. Welcome to an immersive experience for all ages!","Artipelag","Artipelagstigen 1","134 40","Gustavsberg","Multi-day event","https://www.visitstockholm.com/media/images/Mucha_web_puff.6e0389ca.fill-1200x628.jpg","event_images/event_16.jpg","59.3069800","18.3520863"
"Outdoor FIFA World Cup Screenings at at Norra Bantorget","Sports & Wellbeing","Jun 15 - Jul 19","Norra Bantorget","https://www.visitstockholm.com/events/football-world-cup-at-norra-bantorget/next/","Outdoor FIFA World Cup Screenings at at Norra Bantorget",200,"All World Cup matches will be shown on a big screen at Norra Latin's schoolyard at Norra Bantorget. There will also be food trucks serving cuisine from the competing nations, music, football activities, and much more! The event is alcohol-free.","Norra Bantorget","Barnhusgatan 16","11123","Stockholm","Multi-day event","https://www.visitstockholm.com/media/images/football-world-cup-at-norra-banto.2e16d0ba.fill-1200x628.jpg","event_images/event_19.jpg","59.3359327","18.0554769"
"Nordic Life","Exhibitions","Jun 15 - Dec 31","Nordiska museet","https://www.visitstockholm.com/events/nordic-life/next/","Nordic Life",200,"The museum’s largest ever exhibition initiative presents 4,000 artefacts and images in an epic and visual presentation of Nordic cultural history built on the real objects and stories collected by the museum during 150 years.","Nordiska museet","Djurgårdsvägen 6-16","115 21","Stockholm","Multi-day event","https://www.visitstockholm.com/media/images/nordic-life.2e16d0ba.fill-1200x628.jpg","event_images/event_15.jpg","59.3292530","18.0942519"
"Flatenbastun – Lakeside Sauna Experience","Sports & Wellbeing","Jun 15 - Dec 31","Flatenbastun","https://www.visitstockholm.com/events/flatenbastun-lakeside-sauna-experience/next/","Flatenbastun – Lakeside Sauna Experience",200,"Flatenbastun offers a relaxed lakeside sauna experience by Lake Flaten in southern Stockholm. Here, warmth, nature and refreshing swims come together in a social and welcoming setting for both regulars and first-time guests. Open sauna sessions are available year-round and booked in advance via the website. Bring swimwear and towels for a genuine Swedish sauna experience close to nature.","Flatenbastun","Flatenvägen 200","138 31","Skarpnäck","Multi-day event","https://www.visitstockholm.com/media/images/flatenbastun-lakeside-sauna-exper.2e16d0ba.fill-1200x628.jpg","event_images/event_21.jpg","59.2531200","18.1641245"
"Sweden vs. – Tunisia indoor screening with free admission","Sports & Wellbeing","Jun 15","Folkets Hus/House of People","https://www.visitstockholm.com/events/sweden-tunisia-indoor-screening-with-free-admissio/next/","Events",200,NA,NA,NA,NA,NA,"Single-day event",NA,NA,NA,NA
"Vi Älskar Festival 2026","Music","Jun 26 - Jun 27","Gärdet","https://www.visitstockholm.com/events/vi-alskar-festival-2026/next/","Vi Älskar Festival 2026",200,"Sweden’s most beloved nostalgia festival turns 10 and celebrates with its biggest edition yet. On 26–27 June 2026, the festival (previously known as Vi som älskar 90 & 00-talet) takes over Gärdet in Stockholm for two days of music with two stages and its largest lineup ever. Expect iconic hits, dancing under the open sky, sing-alongs, and that special festival atmosphere when thousands come together to celebrate the music they love.","Gärdet","Gärdets Sportfält","115 27","Östermalm","Multi-day event","https://www.visitstockholm.com/media/images/vi-alskar-festival-2026.2e16d0ba.fill-1200x628.jpg","event_images/event_4.jpg",NA,NA
"Texningar by Karl Max Fredrikson","Exhibitions","Jun 15 - Jun 16","Larrys Corner","https://www.visitstockholm.com/events/texningar-by-karl-max-fredrikson/next/","Texningar by Karl Max Fredrikson",200,"Typographic drawings and drawn types by Karl Max Fredrikson at Larrys Corner. Opening 6/6, 2 p.m.","Larrys Corner","Grindsgatan 35","11857","Stockholm","Multi-day event","https://www.visitstockholm.com/media/images/texningar-by-karl-max-fredrikson.2e16d0ba.fill-1200x628.jpg","event_images/event_6.jpg","59.3092101","18.0673829"
"Valerie June at Debaser Strand","Music","Jun 15","Debaser Strand","https://www.visitstockholm.com/events/valerie-june-at-debaser-strand/next/","Valerie June at Debaser Strand",200,"Valerie June performs at Debaser Strand on June 15. The Grammy-nominated singer-songwriter is known for her unique blend of folk, soul and americana. With her distinctive voice and poetic songwriting, she has gained international acclaim and collaborated with some of the genre’s most respected artists. Expect a warm, spiritual and atmospheric live performance.","Debaser Strand","Hornstulls strand 4","117 39","Stockholm","Single-day event","https://www.visitstockholm.com/media/images/valerie-june-at-debaser-strand.2e16d0ba.fill-1200x628.jpg","event_images/event_10.jpg","59.3150962","18.0309054"
"The Hornstull Market 2026","Fairs","Jun 27 - Sep 27","Hornstulls Strand","https://www.visitstockholm.com/events/hornstulls-marknad/next/","The Hornstull Market 2026",200,"Hornstulls Marknad is a public market taking place every Saturday and Sunday, from the first weekend of April to the last weekend in September (except for the midsummer weekend in June). Flea, vintage, design, art, crafts, antiques, literature, delicatessen, foodstuffs and much more.","Hornstulls Strand","Hornstulls strand",NA,"Stockholm","Multi-day event","https://www.visitstockholm.com/media/images/the-hornstull-market-2025.2e16d0ba.fill-1200x628.jpg","event_images/event_1.jpg","59.3144212","18.0328135"
"Five Percussionists. Five Artists. One Singer.","Music","Jun 15","Galleri Duerr","https://www.visitstockholm.com/events/five-percussionists-five-artists-one-singer/next/","Five Percussionists. Five Artists. One Singer.",200,"We warmly invite you to the last concert of the season at Galleri Duerr on Monday, June 15 at 7 pm. Free admission. Five percussionists and one singer, all from The Royal Opera, present an immersive performance in dialogue with the exhibition ""Errare humanum est. Painting at the Time of Artificial Intelligence"". An evening where voice, rhythm, and sound meet contemporary art in a shared space of listening, seeing, and reflection. RSVP: Deborah +46 70 307 34 32. Drop-ins welcome.","Galleri Duerr","Hudiksvallsgatan 6","11330","Stockholm","Single-day event","https://www.visitstockholm.com/media/images/five-percussionists-five-artists-.2e16d0ba.fill-1200x628.jpg","event_images/event_5.jpg","59.3458920","18.0379168"
"Antiques and vintage market at Karlaplan","Fairs","Jun 27 - Nov 14","Karlaplan, runt fontänen","https://www.visitstockholm.com/events/antiques-and-vintage-market-at-karlaplan/next/","Antiques and vintage market at Karlaplan",200,"Great market for both antiques bargaining and second hand jeans! This flea market is extremely popular on TikTok :)  New vendors every Saturday (about 100 every day) so great potential for finding real treasures. You'll find the market in the park around the fountain of Karlaplan. Stroll through the market, have a fika and enjoy a day in the park.","Karlaplan, runt fontänen","Karlaplan","11431","Stockholm","Multi-day event","https://www.visitstockholm.com/media/images/antiques-and-vintage-market-at-ka.2e16d0ba.fill-1200x628.jpg","event_images/event_2.jpg","59.3397516","18.0922947"
"Outdoor Sessions Sthlm","Sports & Wellbeing","Jun 15 - Jul 23","Marievikpontonen","https://www.visitstockholm.com/events/outdoor-sessions-sthlm-2/next/","Outdoor Sessions Sthlm",200,"Outdoor Sessions is a creative platform in Stockholm gathering dancers, artists and creatives every summer, sun–thu, by the water. We offer open dance sessions, international workshops, live music, yoga, battles, open stage, flea market and DJ sessions – welcoming anyone aged 18–35.","Marievikpontonen","Liljeholmshamnen 4X","11761","Stockholm","Multi-day event","https://www.visitstockholm.com/media/images/outdoor-sessions-sthlm-1.2e16d0ba.fill-1200x628.jpg","event_images/event_20.jpg","59.3134428","18.0301019"
"Taking Root – on Soil Relations and Human Endeavors","Exhibitions","Jun 15 - Jun 18","Färgfabriken","https://www.visitstockholm.com/events/taking-root-on-soil-relations-and-human-endeavors/next/","Taking Root – on Soil Relations and Human Endeavors",200,"The exhibition brings together artists who address both the physical and metaphorical act of putting down roots—how to connect to a place, from migrants’ attempts to find a new home to ecological perspectives on how seeds travel, on soil, and on the conditions necessary for taking root.","Färgfabriken","Lövholmsbrinken 1","117 65","Stockholm","Multi-day event","https://www.visitstockholm.com/media/images/taking-root-on-soil-relations-and.2e16d0ba.fill-1200x628.jpg","event_images/event_8.jpg","59.3153445","18.0192345"
"Lola Akinmade Åkerström BookClub Full-day Tour","Guided tours","Jun 15 - Oct 24","Mötesplats Mariatorget","https://www.visitstockholm.com/events/lola-akinmade-akerstrom-bookclub-full-day-tour/next/","Lola Akinmade Åkerström BookClub Full-day Tour",200,"Explore Stockholm with the Lola Akinmade Åkerström BookClub Tour. This guided walk highlights Afro-Swedish history, literary sites featured in Lola’s books, and cozy fika stops. Join engaging discussions with fellow readers and support the Afro-Swedish community.","Mötesplats Mariatorget","Mariatorget 10","118 48","Stockholm","Multi-day event","https://www.visitstockholm.com/media/images/lola-akinmade-akerstrom-bookclub-.2e16d0ba.fill-1200x628.jpg","event_images/event_14.jpg","59.3176077","18.0620574"
"Amanda Shires","Music","Jun 15","Södra Teatern","https://www.visitstockholm.com/events/amanda-shires/next/","Amanda Shires",200,"Grammy-winning singer-songwriter and multi-instrumentalist Amanda Shires is one of modern Americana’s most distinctive voices. On 15 June she brings her songs to Södra Teatern in Stockholm. With West Texas roots, violin-led arrangements and razor-sharp storytelling, her music moves between Americana, country and folk. Expect an intimate night of presence, emotion and lyrics that linger.","Södra Teatern","Mosebacke Torg 1","116 46","Stockholm","Single-day event","https://www.visitstockholm.com/media/images/amanda-shires.2e16d0ba.fill-1200x628.jpg","event_images/event_9.jpg","59.3182475","18.0743734"
"Play Beyond Play","Exhibitions","Jun 15 - Dec 31","The National Museum of Science and Technology","https://www.visitstockholm.com/events/play-beyond-play/next/","Play Beyond Play",200,"The National Museum of Science and Technology has created an experience where you can not only try your favorite games and explore the game history, but also step into, and let yourself be immersed by, games. The Play Beyond Play exhibition occupies over 1,000 square meters of gaming fun! Join in on a journey through game history!","The National Museum of Science and Technology","Museivägen 7","115 27","Stockholm","Multi-day event","https://www.visitstockholm.com/media/images/play-beyond-play.2e16d0ba.fill-1200x628.jpg","event_images/event_17.jpg","59.3325056","18.1189933"
"The Viking World – the world’s largest Viking exhibition","Exhibitions","Jun 15 - Jan 1","Swedish History Museum","https://www.visitstockholm.com/events/the-viking-world-the-worlds-largest-viking-exhibit/next/","The Viking World – the world’s largest Viking exhibition",200,"The myth of the violent, plundering Vikings (with horned helmets) has been circulating for a long time. But what do we really know about life in Nordic countries one thousand years ago?","Swedish History Museum","Narvavägen 13",NA,"Stockholm","Multi-day event","https://www.visitstockholm.com/media/images/the-viking-world-the-worlds-large.ecb8a21c.fill-1200x628.jpg","event_images/event_3.jpg","59.3327820","18.0932058"
"A Swedish Midsummer Night’s Dream","Stage & Film","Jun 15 - Jun 16","Konträr","https://www.visitstockholm.com/events/a-swedish-midsummer-nights-dream-2/next/","A Swedish Midsummer Night’s Dream",200,"Last year’s hit is back! A Swedish Midsummer Night’s Dream returns to Konträr. A bold and unpredictable reckoning with the most Swedish of holidays, on the brightest night of the summer. Herring, schnapps, and “Små grodorna.” Sex, vomit, and Swedish falukorv. It’s funny, absurd, and deeply relatable. But even on the brightest of nights, the darkest darkness lurks. Language: English","Konträr","Östgötagatan 33","116 25","Stockholm","Multi-day event","https://www.visitstockholm.com/media/images/a-swedish-midsummer-nights-dream_OcSR0eI.2e16d0ba.fill-1200x628.jpg","event_images/event_12.jpg","59.3149214","18.0764440"
"In Bloom - Art & Botany","Exhibitions","Jun 15 - Sep 13","Prins Eugens Waldemarsudde","https://www.visitstockholm.com/events/the-blooming-of-art-botany/next/","In Bloom - Art & Botany",200,"With spring as companion, Waldemarsudde open the doors to an exhibition where the flower’s significance in art, design, and cultural history is in full bloom. Here, painting, sculpture, textile art, photography, installations, and botanical illustrations from the 16th century to today meet — side by side with floral arrangements, both indoors and in the park. Welcome to experience Waldemarsudde in its most flourishing form.","Prins Eugens Waldemarsudde","Prins Eugens väg 6","115 21","Stockholm","Multi-day event","https://www.visitstockholm.com/media/images/the-blooming-of-art-botany.2e16d0ba.fill-1200x628.jpg","event_images/event_18.jpg","59.3230293","18.1172799"
"System Of A Down+Queens of the Stone Age","Music","Jun 29","Strawberry Arena","https://www.visitstockholm.com/events/system-of-a-down-concert/next/","System Of A Down+Queens of the Stone Age",200,"System Of A Down returns to Europe in the summer of 2026, kicking off their tour at Strawberry Arena in Stockholm – their only concert in the Nordics. Joining them are Queens of the Stone Age as special guests and the reunited Acid Bath as the opening act. The audience can expect an intense and powerful show packed with the band’s biggest hits and unforgettable energy. This is a unique opportunity to experience one of the most influential rock bands of the 21st century live on Swedish soil.","Strawberry Arena","Råsta Strandväg 1","169 79","Solna","Single-day event","https://www.visitstockholm.com/media/images/system-of-a-down-concert.2e16d0ba.fill-1200x628.jpg","event_images/event_24.jpg","59.3720884","18.0029847"
"BAD BUNNY","Music","Jul 10 - Jul 11","Strawberry Arena","https://www.visitstockholm.com/events/bad-bunny/next/","BAD BUNNY",200,"Bad Bunny is heading out on his highly anticipated “Debí tirar más fotos world tour” – coming to Strawberry Arena on July 10 and 11, 2026! Bad Bunny is embarking on his global “Debí tirar más fotos world tour” and will be performing at Strawberry Arena in Stockholm on July 10 and 11, 2026. With this tour, Bad Bunny is making history as the first Latin American artist ever to headline the biggest stages across Latin America, Europe, and Australia.","Strawberry Arena","Råsta Strandväg 1","169 79","Solna","Multi-day event","https://www.visitstockholm.com/media/images/bad-bunny.2e16d0ba.fill-1200x628.jpg","event_images/event_25.jpg","59.3720884","18.0029847"
"Äventyrs – The adventure museum (pop-up)","Exhibitions","Jun 16 - Sep 30","Äventyrs","https://www.visitstockholm.com/events/aventyrs-the-adventure-museum/next/","Äventyrs – The adventure museum (pop-up)",200,"Äventyrs is the world's first museum that depicts adventures from all over the world - created to inspire our visitors, awaken dreams and ignite the spark for adventure. In addition to several inspiring exhibitions, there is a large adventure shop and a cafe. Äventyrs also offer an adventure community, education and lectures. The museum is temporary (""pop-up"") until midsummer, but hopefully it can remain for longer!","Äventyrs","Sergelgatan 8","11157","Stockholm","Multi-day event","https://www.visitstockholm.com/media/images/aventyrs-the-adventure-museum.2e16d0ba.fill-1200x628.jpg","event_images/event_11.jpg","59.3336156","18.0637500"
"Cullberg: Guerrilla Fragments","Stage & Film","Jun 25","På Sergels torg","https://www.visitstockholm.com/events/cullberg-guerrilla-fragments/next/","Cullberg: Guerrilla Fragments",200,"Come to a red-hot party filled with pulse, rhythm, and movement in a flow where the audience is drawn in, boundaries dissolve, and the stage becomes a collective! An immersive dance performance where choreographer Renan Martins collaborates with Olof Dreijer from The Knife.","På Sergels torg","Sergels torg","11157","Stockholm","Single-day event","https://www.visitstockholm.com/media/images/cullberg-guerrilla-fragments.2e16d0ba.fill-1200x628.jpg","event_images/event_13.jpg","59.3322005","18.0640284"
