"location","event_name","category","date","link","subpage_title","subpage_status","event_duration_type","lat","lon"
"3Arena","LINKIN PARK","Music","May 29","https://www.visitstockholm.com/events/linkin-park/next/","LINKIN PARK",200,"Single-day event","59.2910328","18.0845427"
"Artipelag","The Fredrik Roos Scholarship exhibition 2026: Kim Andreas Roland Berger – Accumulated Stacks","Exhibitions","May 11 - May 14","https://www.visitstockholm.com/events/the-fredrik-roos-scholarship-exhibition-2026-kim-a/next/","The Fredrik Roos Scholarship exhibition 2026: Kim Andreas Roland Berger – Accumulated Stacks",200,"Multi-day event","59.3066295","18.3464827"
"Artipelag","MUCHA – Beyond Art Nouveau","Exhibitions","May 11 - Sep 27","https://www.visitstockholm.com/events/mucha-beyond-art-nouveau/next/","MUCHA – Beyond Art Nouveau",200,"Multi-day event","59.3066295","18.3464827"
"Äventyrs","Äventyrs – The adventure museum (pop-up)","Exhibitions","May 12 - Sep 30","https://www.visitstockholm.com/events/aventyrs-the-adventure-museum/next/","Äventyrs – The adventure museum (pop-up)",200,"Multi-day event",NA,NA
"Avicii Arena","Olivia Dean - The Art of Loving","Music","May 17","https://www.visitstockholm.com/events/olivia-dean-the-art-of-loving/next/","Olivia Dean - The Art of Loving",200,"Single-day event","59.2936201","18.0832132"
"Avicii Arena","NE-YO & AKON – Nights Like This Tour 2026","Music","May 23","https://www.visitstockholm.com/events/ne-yo-akon-nights-like-this-tour-2026/next/","NE-YO & AKON – Nights Like This Tour 2026",200,"Single-day event","59.2936201","18.0832132"
"Cirkus","& Juliet - The Musical","Stage & Film","May 11 - May 31","https://www.visitstockholm.com/events/juliet-the-musical/next/","& Juliet - The Musical",200,"Multi-day event","59.3248756","18.0998659"
"Drejeriet","Pottery wheel throwing","Sports & Wellbeing","May 11 - Dec 31","https://www.visitstockholm.com/events/pottery-wheel-throwing/next/","Pottery wheel throwing",200,"Multi-day event","59.3388089","18.0145165"
"Flatenbastun","Flatenbastun – Lakeside Sauna Experience","Sports & Wellbeing","May 11 - Dec 31","https://www.visitstockholm.com/events/flatenbastun-lakeside-sauna-experience/next/","Flatenbastun – Lakeside Sauna Experience",200,"Multi-day event",NA,NA
"Gamla stan","Street theater about Stockholm bloodbath","Stage & Film","May 16 - Jun 6","https://www.visitstockholm.com/events/street-theatre-about-stockholm-bloodbath/next/","Street theater about Stockholm bloodbath",200,"Multi-day event","59.3251400","18.0716026"
"Hornstulls Strand","The Hornstull Market 2026","Fairs","May 16 - Sep 27","https://www.visitstockholm.com/events/hornstulls-marknad/next/","The Hornstull Market 2026",200,"Multi-day event","59.3144212","18.0328135"
"House of Photography","Exhibition Scapes, by Alia Ali","Exhibitions","May 11 - May 17","https://www.visitstockholm.com/events/exhibition-scapes-by-alia-ali/next/","Exhibition Scapes, by Alia Ali",200,"Multi-day event",NA,NA
"Konserthuset Stockholm","Soundscapes of Poland – The Swigut Sisters & Friends","Music","May 11","https://www.visitstockholm.com/events/soundscapes-of-poland-the-swigut-sisters-friends/next/","Soundscapes of Poland – The Swigut Sisters & Friends",200,"Single-day event","59.3350614","18.0631792"
"KTH","Quarnevalen 2026","Festivals","May 16","https://www.visitstockholm.com/events/quarnevalen-2026/next/","Quarnevalen 2026",200,"Single-day event","59.3498665","18.0706321"
"Nationalmuseum","Thursday evenings at Nationalmuseum","Networking & Community","May 14 - Jun 11","https://www.visitstockholm.com/events/thursday-evenings-at-nationalmuseum-2/next/","Thursday evenings at Nationalmuseum",200,"Multi-day event","59.3284983","18.0781214"
"Nordiska museet","Nordic Life","Exhibitions","May 11 - Dec 31","https://www.visitstockholm.com/events/nordic-life/next/","Nordic Life",200,"Multi-day event","59.3291464","18.0938900"
"Panncentralen Gustavsberg","L'eraclito amoroso, listen All Lovers","Music","May 16","https://www.visitstockholm.com/events/leraclito-amoroso-listen-all-lovers/next/","L'eraclito amoroso, listen All Lovers",200,"Single-day event","59.3230406","18.3843616"
"Scalateatern","A tribute to the Mavericks","Music","May 11","https://www.visitstockholm.com/events/a-tribute-to-the-mavericks/next/","A tribute to the Mavericks",200,"Single-day event",NA,NA
"Skeppsholmens Folkhögskola/Föreningen Folkmusikhuset","Folk music and dance evenings","Music","May 17","https://www.visitstockholm.com/events/folkmusic-and-danceevenings-open-house-free-2/next/","Folk music and dance evenings",200,"Single-day event",NA,NA
"Solvalla","Elitloppet 2026","Sports & Wellbeing","May 29 - May 31","https://www.visitstockholm.com/events/elitloppet-2026/next/","Elitloppet 2026",200,"Multi-day event","59.3667036","17.9406571"
"Stockholm Olympic Stadium","adidas Stockholm Marathon 2026","Sports & Wellbeing","May 30","https://www.visitstockholm.com/events/adidas-stockholm-marathon-2024/next/","adidas Stockholm Marathon 2026",200,"Single-day event",NA,NA
"Stockholm Under Stjärnorna","Eurovision Final","Stage & Film","May 16","https://www.visitstockholm.com/events/eurovision-final/next/","Eurovision Final",200,"Single-day event","59.3307531","18.0679585"
"Stockholms Stadion","BAUHAUS-galan / Diamond League","Sports & Wellbeing","Jun 7","https://www.visitstockholm.com/events/bauhaus-galan-diamond-league/next/","BAUHAUS-galan / Diamond League",200,"Single-day event","59.3452112","18.0788240"
"Swedish History Museum","The Viking World – the world’s largest Viking exhibition","Exhibitions","May 11 - Jan 1","https://www.visitstockholm.com/events/the-viking-world-the-worlds-largest-viking-exhibit/next/","The Viking World – the world’s largest Viking exhibition",200,"Multi-day event","59.3348166","18.0894885"
"The Royal Swedish Opera","Opera: Madama Butterfly","Stage & Film","May 13","https://www.visitstockholm.com/events/madama-butterfly-opera-by-giacomo-puccini/next/","Opera: Madama Butterfly",200,"Single-day event",NA,NA
